<?xml version="1.0" encoding="UTF-8" ?>
<people>
  <person>
    <id>1</id>
    <first_name>Husain</first_name>
    <last_name>Zeale</last_name>
    <email>hzeale0@odnoklassniki.ru</email>
    <gender>Male</gender>
    <ip_address>143.237.191.245</ip_address>
  </person>
  <person>
    <id>2</id>
    <first_name>Michale</first_name>
    <last_name>Delgado</last_name>
    <email>mdelgado1@paginegialle.it</email>
    <gender>Male</gender>
    <ip_address>144.2.126.19</ip_address>
  </person>
  <person>
    <id>3</id>
    <first_name>Gaspard</first_name>
    <last_name>Upwood</last_name>
    <email>gupwood2@fastcompany.com</email>
    <gender>Male</gender>
    <ip_address>147.85.27.165</ip_address>
  </person>
  <person>
    <id>4</id>
    <first_name>Gussy</first_name>
    <last_name>Dowzell</last_name>
    <email>gdowzell3@ox.ac.uk</email>
    <gender>Male</gender>
    <ip_address>22.201.167.239</ip_address>
  </person>
  <person>
    <id>5</id>
    <first_name>Alida</first_name>
    <last_name>Macias</last_name>
    <email>amacias4@slate.com</email>
    <gender>Female</gender>
    <ip_address>166.62.41.24</ip_address>
  </person>
  <person>
    <id>6</id>
    <first_name>Tess</first_name>
    <last_name>Sainte Paul</last_name>
    <email>tsaintepaul5@xinhuanet.com</email>
    <gender>Female</gender>
    <ip_address>58.80.74.111</ip_address>
  </person>
  <person>
    <id>7</id>
    <first_name>Germaine</first_name>
    <last_name>Winnett</last_name>
    <email>gwinnett6@parallels.com</email>
    <gender>Genderqueer</gender>
    <ip_address>224.15.42.167</ip_address>
  </person>
  <person>
    <id>8</id>
    <first_name>Mei</first_name>
    <last_name>Swansbury</last_name>
    <email>mswansbury7@uol.com.br</email>
    <gender>Female</gender>
    <ip_address>191.235.203.177</ip_address>
  </person>
  <person>
    <id>9</id>
    <first_name>Brietta</first_name>
    <last_name>Greenfield</last_name>
    <email>bgreenfield8@qq.com</email>
    <gender>Male</gender>
    <ip_address>72.108.253.70</ip_address>
  </person>
  <person>
    <id>10</id>
    <first_name>Guinna</first_name>
    <last_name>Dagnan</last_name>
    <email>gdagnan9@thetimes.co.uk</email>
    <gender>Female</gender>
    <ip_address>108.233.202.64</ip_address>
  </person>
</people>